"StudentID","Scenario"
"1834242E","A2259C_Final_C__STUDENT.xlsx"
"2726156K","A2259C_Final_A__STUDENT.xlsx"
"9898153D","A2259C_Final_B__STUDENT.xlsx"
"8510623F","A2259C_Final_C__STUDENT.xlsx"
"4911457N","A2259C_Final_A__STUDENT.xlsx"
"5092708N","A2259C_Final_C__STUDENT.xlsx"
"3225185G","A2259C_Final_A__STUDENT.xlsx"
"6974611R","A2259C_Final_B__STUDENT.xlsx"
"8719732V","A2259C_Final_B__STUDENT.xlsx"
"7008888Y","A2259C_Final_B__STUDENT.xlsx"
"9981925D","A2259C_Final_A__STUDENT.xlsx"
"3143449J","A2259C_Final_C__STUDENT.xlsx"
"3232668M","A2259C_Final_C__STUDENT.xlsx"
"4919685C","A2259C_Final_C__STUDENT.xlsx"
"3759788H","A2259C_Final_B__STUDENT.xlsx"
"3725754Q","A2259C_Final_B__STUDENT.xlsx"
"3937166T","A2259C_Final_A__STUDENT.xlsx"
"5678753B","A2259C_Final_C__STUDENT.xlsx"
"8737693D","A2259C_Final_A__STUDENT.xlsx"
"4031223T","A2259C_Final_B__STUDENT.xlsx"
"6141645H","A2259C_Final_A__STUDENT.xlsx"
"6972103J","A2259C_Final_A__STUDENT.xlsx"
"3446222D","A2259C_Final_B__STUDENT.xlsx"
"3041817E","A2259C_Final_C__STUDENT.xlsx"
"7737398E","A2259C_Final_B__STUDENT.xlsx"
"2417988Y","A2259C_Final_A__STUDENT.xlsx"
"4874763Y","A2259C_Final_A__STUDENT.xlsx"
"4647910N","A2259C_Final_B__STUDENT.xlsx"
"2363687T","A2259C_Final_C__STUDENT.xlsx"
"3661149M","A2259C_Final_C__STUDENT.xlsx"
